,id,y,x0,x1,x2,x3,x4,x5,x6,x7
0,1,0,3,22.0,1,1,0,7.25,7,2
1,2,1,1,38.0,0,1,0,71.2833,2,0
2,3,1,3,26.0,0,0,0,7.925,7,2
3,4,1,1,35.0,0,1,0,53.1,2,2
4,5,0,3,35.0,1,0,0,8.05,7,2
5,6,0,3,24.0,1,0,0,8.4583,7,1
6,7,0,1,54.0,1,0,0,51.8625,4,2
7,8,0,3,2.0,1,3,1,21.075,7,2
8,9,1,3,27.0,0,0,2,11.1333,7,2
9,10,1,2,14.0,0,1,0,30.0708,7,0
10,11,1,3,4.0,0,1,1,16.7,6,2
11,12,1,1,58.0,0,0,0,26.55,2,2
12,13,0,3,20.0,1,0,0,8.05,7,2
13,14,0,3,39.0,1,1,5,31.275,7,2
14,15,0,3,14.0,0,0,0,7.8542,7,2
15,16,1,2,55.0,0,0,0,16.0,7,2
16,17,0,3,2.0,1,4,1,29.125,7,1
17,18,1,2,24.0,1,0,0,13.0,7,2
18,19,0,3,31.0,0,1,0,18.0,7,2
19,20,1,3,24.0,0,0,0,7.225,7,0
20,21,0,2,35.0,1,0,0,26.0,7,2
21,22,1,2,34.0,1,0,0,13.0,3,2
22,23,1,3,15.0,0,0,0,8.0292,7,1
23,24,1,1,28.0,1,0,0,35.5,0,2
24,25,0,3,8.0,0,3,1,21.075,7,2
25,26,1,3,38.0,0,1,5,31.3875,7,2
26,27,0,3,24.0,1,0,0,7.225,7,0
27,28,0,1,19.0,1,3,2,263.0,2,2
28,29,1,3,24.0,0,0,0,7.8792,7,1
29,30,0,3,24.0,1,0,0,7.8958,7,2
30,31,0,1,40.0,1,0,0,27.7208,7,0
31,32,1,1,24.0,0,1,0,146.5208,1,0
32,33,1,3,24.0,0,0,0,7.75,7,1
33,34,0,2,66.0,1,0,0,10.5,7,2
34,35,0,1,28.0,1,1,0,82.1708,7,0
35,36,0,1,42.0,1,1,0,52.0,7,2
36,37,1,3,24.0,1,0,0,7.2292,7,0
37,38,0,3,21.0,1,0,0,8.05,7,2
38,39,0,3,18.0,0,2,0,18.0,7,2
39,40,1,3,14.0,0,1,0,11.2417,7,0
40,41,0,3,40.0,0,1,0,9.475,7,2
41,42,0,2,27.0,0,1,0,21.0,7,2
42,43,0,3,24.0,1,0,0,7.8958,7,0
43,44,1,2,3.0,0,1,2,41.5792,7,0
44,45,1,3,19.0,0,0,0,7.8792,7,1
45,46,0,3,24.0,1,0,0,8.05,7,2
46,47,0,3,24.0,1,1,0,15.5,7,1
47,48,1,3,24.0,0,0,0,7.75,7,1
48,49,0,3,24.0,1,2,0,21.6792,7,0
49,50,0,3,18.0,0,1,0,17.8,7,2
50,51,0,3,7.0,1,4,1,39.6875,7,2
51,52,0,3,21.0,1,0,0,7.8,7,2
52,53,1,1,49.0,0,1,0,76.7292,3,0
53,54,1,2,29.0,0,1,0,26.0,7,2
54,55,0,1,65.0,1,0,1,61.9792,1,0
55,56,1,1,24.0,1,0,0,35.5,2,2
56,57,1,2,21.0,0,0,0,10.5,7,2
57,58,0,3,28.5,1,0,0,7.2292,7,0
58,59,1,2,5.0,0,1,2,27.75,7,2
59,60,0,3,11.0,1,5,2,46.9,7,2
60,61,0,3,22.0,1,0,0,7.2292,7,0
61,62,1,1,38.0,0,0,0,80.0,1,2
62,63,0,1,45.0,1,1,0,83.475,2,2
63,64,0,3,4.0,1,3,2,27.9,7,2
64,65,0,1,24.0,1,0,0,27.7208,7,0
65,66,1,3,24.0,1,1,1,15.2458,7,0
66,67,1,2,29.0,0,0,0,10.5,5,2
67,68,0,3,19.0,1,0,0,8.1583,7,2
68,69,1,3,17.0,0,4,2,7.925,7,2
69,70,0,3,26.0,1,2,0,8.6625,7,2
70,71,0,2,32.0,1,0,0,10.5,7,2
71,72,0,3,16.0,0,5,2,46.9,7,2
72,73,0,2,21.0,1,0,0,73.5,7,2
73,74,0,3,26.0,1,1,0,14.4542,7,0
74,75,1,3,32.0,1,0,0,56.4958,7,2
75,76,0,3,25.0,1,0,0,7.65,5,2
76,77,0,3,24.0,1,0,0,7.8958,7,2
77,78,0,3,24.0,1,0,0,8.05,7,2
78,79,1,2,0.83,1,0,2,29.0,7,2
79,80,1,3,30.0,0,0,0,12.475,7,2
80,81,0,3,22.0,1,0,0,9.0,7,2
81,82,1,3,29.0,1,0,0,9.5,7,2
82,83,1,3,24.0,0,0,0,7.7875,7,1
83,84,0,1,28.0,1,0,0,47.1,7,2
84,85,1,2,17.0,0,0,0,10.5,7,2
85,86,1,3,33.0,0,3,0,15.85,7,2
86,87,0,3,16.0,1,1,3,34.375,7,2
87,88,0,3,24.0,1,0,0,8.05,7,2
88,89,1,1,23.0,0,3,2,263.0,2,2
89,90,0,3,24.0,1,0,0,8.05,7,2
90,91,0,3,29.0,1,0,0,8.05,7,2
91,92,0,3,20.0,1,0,0,7.8542,7,2
92,93,0,1,46.0,1,1,0,61.175,4,2
93,94,0,3,26.0,1,1,2,20.575,7,2
94,95,0,3,59.0,1,0,0,7.25,7,2
95,96,0,3,24.0,1,0,0,8.05,7,2
96,97,0,1,71.0,1,0,0,34.6542,0,0
97,98,1,1,23.0,1,0,1,63.3583,3,0
98,99,1,2,34.0,0,0,1,23.0,7,2
99,100,0,2,34.0,1,1,0,26.0,7,2
100,101,0,3,28.0,0,0,0,7.8958,7,2
101,102,0,3,24.0,1,0,0,7.8958,7,2
102,103,0,1,21.0,1,0,1,77.2875,3,2
103,104,0,3,33.0,1,0,0,8.6542,7,2
104,105,0,3,37.0,1,2,0,7.925,7,2
105,106,0,3,28.0,1,0,0,7.8958,7,2
106,107,1,3,21.0,0,0,0,7.65,7,2
107,108,1,3,24.0,1,0,0,7.775,7,2
108,109,0,3,38.0,1,0,0,7.8958,7,2
109,110,1,3,24.0,0,1,0,24.15,7,1
110,111,0,1,47.0,1,0,0,52.0,2,2
111,112,0,3,14.5,0,1,0,14.4542,7,0
112,113,0,3,22.0,1,0,0,8.05,7,2
113,114,0,3,20.0,0,1,0,9.825,7,2
114,115,0,3,17.0,0,0,0,14.4583,7,0
115,116,0,3,21.0,1,0,0,7.925,7,2
116,117,0,3,70.5,1,0,0,7.75,7,1
117,118,0,2,29.0,1,1,0,21.0,7,2
118,119,0,1,24.0,1,0,1,247.5208,1,0
119,120,0,3,2.0,0,4,2,31.275,7,2
120,121,0,2,21.0,1,2,0,73.5,7,2
121,122,0,3,24.0,1,0,0,8.05,7,2
122,123,0,2,32.5,1,1,0,30.0708,7,0
123,124,1,2,32.5,0,0,0,13.0,4,2
124,125,0,1,54.0,1,0,1,77.2875,3,2
125,126,1,3,12.0,1,1,0,11.2417,7,0
126,127,0,3,24.0,1,0,0,7.75,7,1
127,128,1,3,24.0,1,0,0,7.1417,7,2
128,129,1,3,24.0,0,1,1,22.3583,5,0
129,130,0,3,45.0,1,0,0,6.975,7,2
130,131,0,3,33.0,1,0,0,7.8958,7,0
131,132,0,3,20.0,1,0,0,7.05,7,2
132,133,0,3,47.0,0,1,0,14.5,7,2
133,134,1,2,29.0,0,1,0,26.0,7,2
134,135,0,2,25.0,1,0,0,13.0,7,2
135,136,0,2,23.0,1,0,0,15.0458,7,0
136,137,1,1,19.0,0,0,2,26.2833,3,2
137,138,0,1,37.0,1,1,0,53.1,2,2
138,139,0,3,16.0,1,0,0,9.2167,7,2
139,140,0,1,24.0,1,0,0,79.2,1,0
140,141,0,3,24.0,0,0,2,15.2458,7,0
141,142,1,3,22.0,0,0,0,7.75,7,2
142,143,1,3,24.0,0,1,0,15.85,7,2
143,144,0,3,19.0,1,0,0,6.75,7,1
144,145,0,2,18.0,1,0,0,11.5,7,2
145,146,0,2,19.0,1,1,1,36.75,7,2
146,147,1,3,27.0,1,0,0,7.7958,7,2
147,148,0,3,9.0,0,2,2,34.375,7,2
148,149,0,2,36.5,1,0,2,26.0,5,2
149,150,0,2,42.0,1,0,0,13.0,7,2
150,151,0,2,51.0,1,0,0,12.525,7,2
151,152,1,1,22.0,0,1,0,66.6,2,2
152,153,0,3,55.5,1,0,0,8.05,7,2
153,154,0,3,40.5,1,0,2,14.5,7,2
154,155,0,3,24.0,1,0,0,7.3125,7,2
155,156,0,1,51.0,1,0,1,61.3792,7,0
156,157,1,3,16.0,0,0,0,7.7333,7,1
157,158,0,3,30.0,1,0,0,8.05,7,2
158,159,0,3,24.0,1,0,0,8.6625,7,2
159,160,0,3,24.0,1,8,2,69.55,7,2
160,161,0,3,44.0,1,0,1,16.1,7,2
161,162,1,2,40.0,0,0,0,15.75,7,2
162,163,0,3,26.0,1,0,0,7.775,7,2
163,164,0,3,17.0,1,0,0,8.6625,7,2
164,165,0,3,1.0,1,4,1,39.6875,7,2
165,166,1,3,9.0,1,0,2,20.525,7,2
166,167,1,1,24.0,0,0,1,55.0,4,2
167,168,0,3,45.0,0,1,4,27.9,7,2
168,169,0,1,24.0,1,0,0,25.925,7,2
169,170,0,3,28.0,1,0,0,56.4958,7,2
170,171,0,1,61.0,1,0,0,33.5,1,2
171,172,0,3,4.0,1,4,1,29.125,7,1
172,173,1,3,1.0,0,1,1,11.1333,7,2
173,174,0,3,21.0,1,0,0,7.925,7,2
174,175,0,1,56.0,1,0,0,30.6958,0,0
175,176,0,3,18.0,1,1,1,7.8542,7,2
176,177,0,3,24.0,1,3,1,25.4667,7,2
177,178,0,1,50.0,0,0,0,28.7125,2,0
178,179,0,2,30.0,1,0,0,13.0,7,2
179,180,0,3,36.0,1,0,0,0.0,7,2
180,181,0,3,24.0,0,8,2,69.55,7,2
181,182,0,2,24.0,1,0,0,15.05,7,0
182,183,0,3,9.0,1,4,2,31.3875,7,2
183,184,1,2,1.0,1,2,1,39.0,5,2
184,185,1,3,4.0,0,0,2,22.025,7,2
185,186,0,1,24.0,1,0,0,50.0,0,2
186,187,1,3,24.0,0,1,0,15.5,7,1
187,188,1,1,45.0,1,0,0,26.55,7,2
188,189,0,3,40.0,1,1,1,15.5,7,1
189,190,0,3,36.0,1,0,0,7.8958,7,2
190,191,1,2,32.0,0,0,0,13.0,7,2
191,192,0,2,19.0,1,0,0,13.0,7,2
192,193,1,3,19.0,0,1,0,7.8542,7,2
193,194,1,2,3.0,1,1,1,26.0,5,2
194,195,1,1,44.0,0,0,0,27.7208,1,0
195,196,1,1,58.0,0,0,0,146.5208,1,0
196,197,0,3,24.0,1,0,0,7.75,7,1
197,198,0,3,42.0,1,0,1,8.4042,7,2
198,199,1,3,24.0,0,0,0,7.75,7,1
199,200,0,2,24.0,0,0,0,13.0,7,2
200,201,0,3,28.0,1,0,0,9.5,7,2
201,202,0,3,24.0,1,8,2,69.55,7,2
202,203,0,3,34.0,1,0,0,6.4958,7,2
203,204,0,3,45.5,1,0,0,7.225,7,0
204,205,1,3,18.0,1,0,0,8.05,7,2
205,206,0,3,2.0,0,0,1,10.4625,6,2
206,207,0,3,32.0,1,1,0,15.85,7,2
207,208,1,3,26.0,1,0,0,18.7875,7,0
208,209,1,3,16.0,0,0,0,7.75,7,1
209,210,1,1,40.0,1,0,0,31.0,0,0
210,211,0,3,24.0,1,0,0,7.05,7,2
211,212,1,2,35.0,0,0,0,21.0,7,2
212,213,0,3,22.0,1,0,0,7.25,7,2
213,214,0,2,30.0,1,0,0,13.0,7,2
214,215,0,3,24.0,1,1,0,7.75,7,1
215,216,1,1,31.0,0,1,0,113.275,3,0
216,217,1,3,27.0,0,0,0,7.925,7,2
217,218,0,2,42.0,1,1,0,27.0,7,2
218,219,1,1,32.0,0,0,0,76.2917,3,0
219,220,0,2,30.0,1,0,0,10.5,7,2
220,221,1,3,16.0,1,0,0,8.05,7,2
221,222,0,2,27.0,1,0,0,13.0,7,2
222,223,0,3,51.0,1,0,0,8.05,7,2
223,224,0,3,24.0,1,0,0,7.8958,7,2
224,225,1,1,38.0,1,1,0,90.0,2,2
225,226,0,3,22.0,1,0,0,9.35,7,2
226,227,1,2,19.0,1,0,0,10.5,7,2
227,228,0,3,20.5,1,0,0,7.25,7,2
228,229,0,2,18.0,1,0,0,13.0,7,2
229,230,0,3,24.0,0,3,1,25.4667,7,2
230,231,1,1,35.0,0,1,0,83.475,2,2
231,232,0,3,29.0,1,0,0,7.775,7,2
232,233,0,2,59.0,1,0,0,13.5,7,2
233,234,1,3,5.0,0,4,2,31.3875,7,2
234,235,0,2,24.0,1,0,0,10.5,7,2
235,236,0,3,24.0,0,0,0,7.55,7,2
236,237,0,2,44.0,1,1,0,26.0,7,2
237,238,1,2,8.0,0,0,2,26.25,7,2
238,239,0,2,19.0,1,0,0,10.5,7,2
239,240,0,2,33.0,1,0,0,12.275,7,2
240,241,0,3,24.0,0,1,0,14.4542,7,0
241,242,1,3,24.0,0,1,0,15.5,7,1
242,243,0,2,29.0,1,0,0,10.5,7,2
243,244,0,3,22.0,1,0,0,7.125,7,2
244,245,0,3,30.0,1,0,0,7.225,7,0
245,246,0,1,44.0,1,2,0,90.0,2,1
246,247,0,3,25.0,0,0,0,7.775,7,2
247,248,1,2,24.0,0,0,2,14.5,7,2
248,249,1,1,37.0,1,1,1,52.5542,3,2
249,250,0,2,54.0,1,1,0,26.0,7,2
250,251,0,3,24.0,1,0,0,7.25,7,2
251,252,0,3,29.0,0,1,1,10.4625,6,2
252,253,0,1,62.0,1,0,0,26.55,2,2
253,254,0,3,30.0,1,1,0,16.1,7,2
254,255,0,3,41.0,0,0,2,20.2125,7,2
255,256,1,3,29.0,0,0,2,15.2458,7,0
256,257,1,1,24.0,0,0,0,79.2,7,0
257,258,1,1,30.0,0,0,0,86.5,1,2
258,259,1,1,35.0,0,0,0,512.3292,7,0
259,260,1,2,50.0,0,0,1,26.0,7,2
260,261,0,3,24.0,1,0,0,7.75,7,1
261,262,1,3,3.0,1,4,2,31.3875,7,2
262,263,0,1,52.0,1,1,1,79.65,4,2
263,264,0,1,40.0,1,0,0,0.0,1,2
264,265,0,3,24.0,0,0,0,7.75,7,1
265,266,0,2,36.0,1,0,0,10.5,7,2
266,267,0,3,16.0,1,4,1,39.6875,7,2
267,268,1,3,25.0,1,1,0,7.775,7,2
268,269,1,1,58.0,0,0,1,153.4625,2,2
269,270,1,1,35.0,0,0,0,135.6333,2,2
270,271,0,1,24.0,1,0,0,31.0,7,2
271,272,1,3,25.0,1,0,0,0.0,7,2
272,273,1,2,41.0,0,0,1,19.5,7,2
273,274,0,1,37.0,1,0,1,29.7,2,0
274,275,1,3,24.0,0,0,0,7.75,7,1
275,276,1,1,63.0,0,1,0,77.9583,3,2
276,277,0,3,45.0,0,0,0,7.75,7,2
277,278,0,2,24.0,1,0,0,0.0,7,2
278,279,0,3,7.0,1,4,1,29.125,7,1
279,280,1,3,35.0,0,1,1,20.25,7,2
280,281,0,3,65.0,1,0,0,7.75,7,1
281,282,0,3,28.0,1,0,0,7.8542,7,2
282,283,0,3,16.0,1,0,0,9.5,7,2
283,284,1,3,19.0,1,0,0,8.05,7,2
284,285,0,1,24.0,1,0,0,26.0,0,2
285,286,0,3,33.0,1,0,0,8.6625,7,0
286,287,1,3,30.0,1,0,0,9.5,7,2
287,288,0,3,22.0,1,0,0,7.8958,7,2
288,289,1,2,42.0,1,0,0,13.0,7,2
289,290,1,3,22.0,0,0,0,7.75,7,1
290,291,1,1,26.0,0,0,0,78.85,7,2
291,292,1,1,19.0,0,1,0,91.0792,1,0
292,293,0,2,36.0,1,0,0,12.875,3,0
293,294,0,3,24.0,0,0,0,8.85,7,2
294,295,0,3,24.0,1,0,0,7.8958,7,2
295,296,0,1,24.0,1,0,0,27.7208,7,0
296,297,0,3,23.5,1,0,0,7.2292,7,0
297,298,0,1,2.0,0,1,2,151.55,2,2
298,299,1,1,24.0,1,0,0,30.5,2,2
299,300,1,1,50.0,0,0,1,247.5208,1,0
300,301,1,3,24.0,0,0,0,7.75,7,1
301,302,1,3,24.0,1,2,0,23.25,7,1
302,303,0,3,19.0,1,0,0,0.0,7,2
303,304,1,2,24.0,0,0,0,12.35,4,1
304,305,0,3,24.0,1,0,0,8.05,7,2
305,306,1,1,0.92,1,1,2,151.55,2,2
306,307,1,1,24.0,0,0,0,110.8833,7,0
307,308,1,1,17.0,0,1,0,108.9,2,0
308,309,0,2,30.0,1,1,0,24.0,7,0
309,310,1,1,30.0,0,0,0,56.9292,4,0
310,311,1,1,24.0,0,0,0,83.1583,2,0
311,312,1,1,18.0,0,2,2,262.375,1,0
312,313,0,2,26.0,0,1,1,26.0,7,2
313,314,0,3,28.0,1,0,0,7.8958,7,2
314,315,0,2,43.0,1,1,1,26.25,7,2
315,316,1,3,26.0,0,0,0,7.8542,7,2
316,317,1,2,24.0,0,1,0,26.0,7,2
317,318,0,2,54.0,1,0,0,14.0,7,2
318,319,1,1,31.0,0,0,2,164.8667,2,2
319,320,1,1,40.0,0,1,1,134.5,4,0
320,321,0,3,22.0,1,0,0,7.25,7,2
321,322,0,3,27.0,1,0,0,7.8958,7,2
322,323,1,2,30.0,0,0,0,12.35,7,1
323,324,1,2,22.0,0,1,1,29.0,7,2
324,325,0,3,24.0,1,8,2,69.55,7,2
325,326,1,1,36.0,0,0,0,135.6333,2,0
326,327,0,3,61.0,1,0,0,6.2375,7,2
327,328,1,2,36.0,0,0,0,13.0,3,2
328,329,1,3,31.0,0,1,1,20.525,7,2
329,330,1,1,16.0,0,0,1,57.9792,1,0
330,331,1,3,24.0,0,2,0,23.25,7,1
331,332,0,1,45.5,1,0,0,28.5,2,2
332,333,0,1,38.0,1,0,1,153.4625,2,2
333,334,0,3,16.0,1,2,0,18.0,7,2
334,335,1,1,24.0,0,1,0,133.65,7,2
335,336,0,3,24.0,1,0,0,7.8958,7,2
336,337,0,1,29.0,1,1,0,66.6,2,2
337,338,1,1,41.0,0,0,0,134.5,4,0
338,339,1,3,45.0,1,0,0,8.05,7,2
339,340,0,1,45.0,1,0,0,35.5,8,2
340,341,1,2,2.0,1,1,1,26.0,5,2
341,342,1,1,24.0,0,3,2,263.0,2,2
342,343,0,2,28.0,1,0,0,13.0,7,2
343,344,0,2,25.0,1,0,0,13.0,7,2
344,345,0,2,36.0,1,0,0,13.0,7,2
345,346,1,2,24.0,0,0,0,13.0,5,2
346,347,1,2,40.0,0,0,0,13.0,7,2
347,348,1,3,24.0,0,1,0,16.1,7,2
348,349,1,3,3.0,1,1,1,15.9,7,2
349,350,0,3,42.0,1,0,0,8.6625,7,2
350,351,0,3,23.0,1,0,0,9.225,7,2
351,352,0,1,24.0,1,0,0,35.0,2,2
352,353,0,3,15.0,1,1,1,7.2292,7,0
353,354,0,3,25.0,1,1,0,17.8,7,2
354,355,0,3,24.0,1,0,0,7.225,7,0
355,356,0,3,28.0,1,0,0,9.5,7,2
356,357,1,1,22.0,0,0,1,55.0,4,2
357,358,0,2,38.0,0,0,0,13.0,7,2
358,359,1,3,24.0,0,0,0,7.8792,7,1
359,360,1,3,24.0,0,0,0,7.8792,7,1
360,361,0,3,40.0,1,1,4,27.9,7,2
361,362,0,2,29.0,1,1,0,27.7208,7,0
362,363,0,3,45.0,0,0,1,14.4542,7,0
363,364,0,3,35.0,1,0,0,7.05,7,2
364,365,0,3,24.0,1,1,0,15.5,7,1
365,366,0,3,30.0,1,0,0,7.25,7,2
366,367,1,1,60.0,0,1,0,75.25,3,0
367,368,1,3,24.0,0,0,0,7.2292,7,0
368,369,1,3,24.0,0,0,0,7.75,7,1
369,370,1,1,24.0,0,0,0,69.3,1,0
370,371,1,1,25.0,1,1,0,55.4417,4,0
371,372,0,3,18.0,1,1,0,6.4958,7,2
372,373,0,3,19.0,1,0,0,8.05,7,2
373,374,0,1,22.0,1,0,0,135.6333,7,0
374,375,0,3,3.0,0,3,1,21.075,7,2
375,376,1,1,24.0,0,1,0,82.1708,7,0
376,377,1,3,22.0,0,0,0,7.25,7,2
377,378,0,1,27.0,1,0,2,211.5,2,0
378,379,0,3,20.0,1,0,0,4.0125,7,0
379,380,0,3,19.0,1,0,0,7.775,7,2
380,381,1,1,42.0,0,0,0,227.525,7,0
381,382,1,3,1.0,0,0,2,15.7417,7,0
382,383,0,3,32.0,1,0,0,7.925,7,2
383,384,1,1,35.0,0,1,0,52.0,7,2
384,385,0,3,24.0,1,0,0,7.8958,7,2
385,386,0,2,18.0,1,0,0,73.5,7,2
386,387,0,3,1.0,1,5,2,46.9,7,2
387,388,1,2,36.0,0,0,0,13.0,7,2
388,389,0,3,24.0,1,0,0,7.7292,7,1
389,390,1,2,17.0,0,0,0,12.0,7,0
390,391,1,1,36.0,1,1,2,120.0,1,2
391,392,1,3,21.0,1,0,0,7.7958,7,2
392,393,0,3,28.0,1,2,0,7.925,7,2
393,394,1,1,23.0,0,1,0,113.275,3,0
394,395,1,3,24.0,0,0,2,16.7,6,2
395,396,0,3,22.0,1,0,0,7.7958,7,2
396,397,0,3,31.0,0,0,0,7.8542,7,2
397,398,0,2,46.0,1,0,0,26.0,7,2
398,399,0,2,23.0,1,0,0,10.5,7,2
399,400,1,2,28.0,0,0,0,12.65,7,2
400,401,1,3,39.0,1,0,0,7.925,7,2
401,402,0,3,26.0,1,0,0,8.05,7,2
402,403,0,3,21.0,0,1,0,9.825,7,2
403,404,0,3,28.0,1,1,0,15.85,7,2
404,405,0,3,20.0,0,0,0,8.6625,7,2
405,406,0,2,34.0,1,1,0,21.0,7,2
406,407,0,3,51.0,1,0,0,7.75,7,2
407,408,1,2,3.0,1,1,1,18.75,7,2
408,409,0,3,21.0,1,0,0,7.775,7,2
409,410,0,3,24.0,0,3,1,25.4667,7,2
410,411,0,3,24.0,1,0,0,7.8958,7,2
411,412,0,3,24.0,1,0,0,6.8583,7,1
412,413,1,1,33.0,0,1,0,90.0,2,1
413,414,0,2,24.0,1,0,0,0.0,7,2
414,415,1,3,44.0,1,0,0,7.925,7,2
415,416,0,3,24.0,0,0,0,8.05,7,2
416,417,1,2,34.0,0,1,1,32.5,7,2
417,418,1,2,18.0,0,0,2,13.0,7,2
418,419,0,2,30.0,1,0,0,13.0,7,2
419,420,0,3,10.0,0,0,2,24.15,7,2
420,421,0,3,24.0,1,0,0,7.8958,7,0
421,422,0,3,21.0,1,0,0,7.7333,7,1
422,423,0,3,29.0,1,0,0,7.875,7,2
423,424,0,3,28.0,0,1,1,14.4,7,2
424,425,0,3,18.0,1,1,1,20.2125,7,2
425,426,0,3,24.0,1,0,0,7.25,7,2
426,427,1,2,28.0,0,1,0,26.0,7,2
427,428,1,2,19.0,0,0,0,26.0,7,2
428,429,0,3,24.0,1,0,0,7.75,7,1
429,430,1,3,32.0,1,0,0,8.05,4,2
430,431,1,1,28.0,1,0,0,26.55,2,2
431,432,1,3,24.0,0,1,0,16.1,7,2
432,433,1,2,42.0,0,1,0,26.0,7,2
433,434,0,3,17.0,1,0,0,7.125,7,2
434,435,0,1,50.0,1,1,0,55.9,4,2
435,436,1,1,14.0,0,1,2,120.0,1,2
436,437,0,3,21.0,0,2,2,34.375,7,2
437,438,1,2,24.0,0,2,3,18.75,7,2
438,439,0,1,64.0,1,1,4,263.0,2,2
439,440,0,2,31.0,1,0,0,10.5,7,2
440,441,1,2,45.0,0,1,1,26.25,7,2
441,442,0,3,20.0,1,0,0,9.5,7,2
442,443,0,3,25.0,1,1,0,7.775,7,2
443,444,1,2,28.0,0,0,0,13.0,7,2
444,445,1,3,24.0,1,0,0,8.1125,7,2
445,446,1,1,4.0,1,0,2,81.8583,0,2
446,447,1,2,13.0,0,0,1,19.5,7,2
447,448,1,1,34.0,1,0,0,26.55,7,2
448,449,1,3,5.0,0,2,1,19.2583,7,0
449,450,1,1,52.0,1,0,0,30.5,2,2
450,451,0,2,36.0,1,1,2,27.75,7,2
451,452,0,3,24.0,1,1,0,19.9667,7,2
452,453,0,1,30.0,1,0,0,27.75,2,0
453,454,1,1,49.0,1,1,0,89.1042,2,0
454,455,0,3,24.0,1,0,0,8.05,7,2
455,456,1,3,29.0,1,0,0,7.8958,7,0
456,457,0,1,65.0,1,0,0,26.55,4,2
457,458,1,1,24.0,0,1,0,51.8625,3,2
458,459,1,2,50.0,0,0,0,10.5,7,2
459,460,0,3,24.0,1,0,0,7.75,7,1
460,461,1,1,48.0,1,0,0,26.55,4,2
461,462,0,3,34.0,1,0,0,8.05,7,2
462,463,0,1,47.0,1,0,0,38.5,4,2
463,464,0,2,48.0,1,0,0,13.0,7,2
464,465,0,3,24.0,1,0,0,8.05,7,2
465,466,0,3,38.0,1,0,0,7.05,7,2
466,467,0,2,24.0,1,0,0,0.0,7,2
467,468,0,1,56.0,1,0,0,26.55,7,2
468,469,0,3,24.0,1,0,0,7.725,7,1
469,470,1,3,0.75,0,2,1,19.2583,7,0
470,471,0,3,24.0,1,0,0,7.25,7,2
471,472,0,3,38.0,1,0,0,8.6625,7,2
472,473,1,2,33.0,0,1,2,27.75,7,2
473,474,1,2,23.0,0,0,0,13.7917,3,0
474,475,0,3,22.0,0,0,0,9.8375,7,2
475,476,0,1,24.0,1,0,0,52.0,0,2
476,477,0,2,34.0,1,1,0,21.0,7,2
477,478,0,3,29.0,1,1,0,7.0458,7,2
478,479,0,3,22.0,1,0,0,7.5208,7,2
479,480,1,3,2.0,0,0,1,12.2875,7,2
480,481,0,3,9.0,1,5,2,46.9,7,2
481,482,0,2,24.0,1,0,0,0.0,7,2
482,483,0,3,50.0,1,0,0,8.05,7,2
483,484,1,3,63.0,0,0,0,9.5875,7,2
484,485,1,1,25.0,1,1,0,91.0792,1,0
485,486,0,3,24.0,0,3,1,25.4667,7,2
486,487,1,1,35.0,0,1,0,90.0,2,2
487,488,0,1,58.0,1,0,0,29.7,1,0
488,489,0,3,30.0,1,0,0,8.05,7,2
489,490,1,3,9.0,1,1,1,15.9,7,2
490,491,0,3,24.0,1,1,0,19.9667,7,2
491,492,0,3,21.0,1,0,0,7.25,7,2
492,493,0,1,55.0,1,0,0,30.5,2,2
493,494,0,1,71.0,1,0,0,49.5042,7,0
494,495,0,3,21.0,1,0,0,8.05,7,2
495,496,0,3,24.0,1,0,0,14.4583,7,0
496,497,1,1,54.0,0,1,0,78.2667,3,0
497,498,0,3,24.0,1,0,0,15.1,7,2
498,499,0,1,25.0,0,1,2,151.55,2,2
499,500,0,3,24.0,1,0,0,7.7958,7,2
500,501,0,3,17.0,1,0,0,8.6625,7,2
501,502,0,3,21.0,0,0,0,7.75,7,1
502,503,0,3,24.0,0,0,0,7.6292,7,1
503,504,0,3,37.0,0,0,0,9.5875,7,2
504,505,1,1,16.0,0,0,0,86.5,1,2
505,506,0,1,18.0,1,1,0,108.9,2,0
506,507,1,2,33.0,0,0,2,26.0,7,2
507,508,1,1,24.0,1,0,0,26.55,7,2
508,509,0,3,28.0,1,0,0,22.525,7,2
509,510,1,3,26.0,1,0,0,56.4958,7,2
510,511,1,3,29.0,1,0,0,7.75,7,1
511,512,0,3,24.0,1,0,0,8.05,7,2
512,513,1,1,36.0,1,0,0,26.2875,4,2
513,514,1,1,54.0,0,1,0,59.4,7,0
514,515,0,3,24.0,1,0,0,7.4958,7,2
515,516,0,1,47.0,1,0,0,34.0208,3,2
516,517,1,2,34.0,0,0,0,10.5,5,2
517,518,0,3,24.0,1,0,0,24.15,7,1
518,519,1,2,36.0,0,1,0,26.0,7,2
519,520,0,3,32.0,1,0,0,7.8958,7,2
520,521,1,1,30.0,0,0,0,93.5,1,2
521,522,0,3,22.0,1,0,0,7.8958,7,2
522,523,0,3,24.0,1,0,0,7.225,7,0
523,524,1,1,44.0,0,0,1,57.9792,1,0
524,525,0,3,24.0,1,0,0,7.2292,7,0
525,526,0,3,40.5,1,0,0,7.75,7,1
526,527,1,2,50.0,0,0,0,10.5,7,2
527,528,0,1,24.0,1,0,0,221.7792,2,2
528,529,0,3,39.0,1,0,0,7.925,7,2
529,530,0,2,23.0,1,2,1,11.5,7,2
530,531,1,2,2.0,0,1,1,26.0,7,2
531,532,0,3,24.0,1,0,0,7.2292,7,0
532,533,0,3,17.0,1,1,1,7.2292,7,0
533,534,1,3,24.0,0,0,2,22.3583,7,0
534,535,0,3,30.0,0,0,0,8.6625,7,2
535,536,1,2,7.0,0,0,2,26.25,7,2
536,537,0,1,45.0,1,0,0,26.55,1,2
537,538,1,1,30.0,0,0,0,106.425,7,0
538,539,0,3,24.0,1,0,0,14.5,7,2
539,540,1,1,22.0,0,0,2,49.5,1,0
540,541,1,1,36.0,0,0,2,71.0,1,2
541,542,0,3,9.0,0,4,2,31.275,7,2
542,543,0,3,11.0,0,4,2,31.275,7,2
543,544,1,2,32.0,1,1,0,26.0,7,2
544,545,0,1,50.0,1,1,0,106.425,2,0
545,546,0,1,64.0,1,0,0,26.0,7,2
546,547,1,2,19.0,0,1,0,26.0,7,2
547,548,1,2,24.0,1,0,0,13.8625,7,0
548,549,0,3,33.0,1,1,1,20.525,7,2
549,550,1,2,8.0,1,1,1,36.75,7,2
550,551,1,1,17.0,1,0,2,110.8833,2,0
551,552,0,2,27.0,1,0,0,26.0,7,2
552,553,0,3,24.0,1,0,0,7.8292,7,1
553,554,1,3,22.0,1,0,0,7.225,7,0
554,555,1,3,22.0,0,0,0,7.775,7,2
555,556,0,1,62.0,1,0,0,26.55,7,2
556,557,1,1,48.0,0,1,0,39.6,0,0
557,558,0,1,24.0,1,0,0,227.525,7,0
558,559,1,1,39.0,0,1,1,79.65,4,2
559,560,1,3,36.0,0,1,0,17.4,7,2
560,561,0,3,24.0,1,0,0,7.75,7,1
561,562,0,3,40.0,1,0,0,7.8958,7,2
562,563,0,2,28.0,1,0,0,13.5,7,2
563,564,0,3,24.0,1,0,0,8.05,7,2
564,565,0,3,24.0,0,0,0,8.05,7,2
565,566,0,3,24.0,1,2,0,24.15,7,2
566,567,0,3,19.0,1,0,0,7.8958,7,2
567,568,0,3,29.0,0,0,4,21.075,7,2
568,569,0,3,24.0,1,0,0,7.2292,7,0
569,570,1,3,32.0,1,0,0,7.8542,7,2
570,571,1,2,62.0,1,0,0,10.5,7,2
571,572,1,1,53.0,0,2,0,51.4792,2,2
572,573,1,1,36.0,1,0,0,26.3875,4,2
573,574,1,3,24.0,0,0,0,7.75,7,1
574,575,0,3,16.0,1,0,0,8.05,7,2
575,576,0,3,19.0,1,0,0,14.5,7,2
576,577,1,2,34.0,0,0,0,13.0,7,2
577,578,1,1,39.0,0,1,0,55.9,4,2
578,579,0,3,24.0,0,1,0,14.4583,7,0
579,580,1,3,32.0,1,0,0,7.925,7,2
580,581,1,2,25.0,0,1,1,30.0,7,2
581,582,1,1,39.0,0,1,1,110.8833,2,0
582,583,0,2,54.0,1,0,0,26.0,7,2
583,584,0,1,36.0,1,0,0,40.125,0,0
584,585,0,3,24.0,1,0,0,8.7125,7,0
585,586,1,1,18.0,0,0,2,79.65,4,2
586,587,0,2,47.0,1,0,0,15.0,7,2
587,588,1,1,60.0,1,1,1,79.2,1,0
588,589,0,3,22.0,1,0,0,8.05,7,2
589,590,0,3,24.0,1,0,0,8.05,7,2
590,591,0,3,35.0,1,0,0,7.125,7,2
591,592,1,1,52.0,0,1,0,78.2667,3,0
592,593,0,3,47.0,1,0,0,7.25,7,2
593,594,0,3,24.0,0,0,2,7.75,7,1
594,595,0,2,37.0,1,1,0,26.0,7,2
595,596,0,3,36.0,1,1,1,24.15,7,2
596,597,1,2,24.0,0,0,0,33.0,7,2
597,598,0,3,49.0,1,0,0,0.0,7,2
598,599,0,3,24.0,1,0,0,7.225,7,0
599,600,1,1,49.0,1,1,0,56.9292,0,0
600,601,1,2,24.0,0,2,1,27.0,7,2
601,602,0,3,24.0,1,0,0,7.8958,7,2
602,603,0,1,24.0,1,0,0,42.4,7,2
603,604,0,3,44.0,1,0,0,8.05,7,2
604,605,1,1,35.0,1,0,0,26.55,7,0
605,606,0,3,36.0,1,1,0,15.55,7,2
606,607,0,3,30.0,1,0,0,7.8958,7,2
607,608,1,1,27.0,1,0,0,30.5,7,2
608,609,1,2,22.0,0,1,2,41.5792,7,0
609,610,1,1,40.0,0,0,0,153.4625,2,2
610,611,0,3,39.0,0,1,5,31.275,7,2
611,612,0,3,24.0,1,0,0,7.05,7,2
612,613,1,3,24.0,0,1,0,15.5,7,1
613,614,0,3,24.0,1,0,0,7.75,7,1
614,615,0,3,35.0,1,0,0,8.05,7,2
615,616,1,2,24.0,0,1,2,65.0,7,2
616,617,0,3,34.0,1,1,1,14.4,7,2
617,618,0,3,26.0,0,1,0,16.1,7,2
618,619,1,2,4.0,0,2,1,39.0,5,2
619,620,0,2,26.0,1,0,0,10.5,7,2
620,621,0,3,27.0,1,1,0,14.4542,7,0
621,622,1,1,42.0,1,1,0,52.5542,3,2
622,623,1,3,20.0,1,1,1,15.7417,7,0
623,624,0,3,21.0,1,0,0,7.8542,7,2
624,625,0,3,21.0,1,0,0,16.1,7,2
625,626,0,1,61.0,1,0,0,32.3208,3,2
626,627,0,2,57.0,1,0,0,12.35,7,1
627,628,1,1,21.0,0,0,0,77.9583,3,2
628,629,0,3,26.0,1,0,0,7.8958,7,2
629,630,0,3,24.0,1,0,0,7.7333,7,1
630,631,1,1,80.0,1,0,0,30.0,0,2
631,632,0,3,51.0,1,0,0,7.0542,7,2
632,633,1,1,32.0,1,0,0,30.5,1,0
633,634,0,1,24.0,1,0,0,0.0,7,2
634,635,0,3,9.0,0,3,2,27.9,7,2
635,636,1,2,28.0,0,0,0,13.0,7,2
636,637,0,3,32.0,1,0,0,7.925,7,2
637,638,0,2,31.0,1,1,1,26.25,7,2
638,639,0,3,41.0,0,0,5,39.6875,7,2
639,640,0,3,24.0,1,1,0,16.1,7,2
640,641,0,3,20.0,1,0,0,7.8542,7,2
641,642,1,1,24.0,0,0,0,69.3,1,0
642,643,0,3,2.0,0,3,2,27.9,7,2
643,644,1,3,24.0,1,0,0,56.4958,7,2
644,645,1,3,0.75,0,2,1,19.2583,7,0
645,646,1,1,48.0,1,1,0,76.7292,3,0
646,647,0,3,19.0,1,0,0,7.8958,7,2
647,648,1,1,56.0,1,0,0,35.5,0,0
648,649,0,3,24.0,1,0,0,7.55,7,2
649,650,1,3,23.0,0,0,0,7.55,7,2
650,651,0,3,24.0,1,0,0,7.8958,7,2
651,652,1,2,18.0,0,0,1,23.0,7,2
652,653,0,3,21.0,1,0,0,8.4333,7,2
653,654,1,3,24.0,0,0,0,7.8292,7,1
654,655,0,3,18.0,0,0,0,6.75,7,1
655,656,0,2,24.0,1,2,0,73.5,7,2
656,657,0,3,24.0,1,0,0,7.8958,7,2
657,658,0,3,32.0,0,1,1,15.5,7,1
658,659,0,2,23.0,1,0,0,13.0,7,2
659,660,0,1,58.0,1,0,2,113.275,3,0
660,661,1,1,50.0,1,2,0,133.65,7,2
661,662,0,3,40.0,1,0,0,7.225,7,0
662,663,0,1,47.0,1,0,0,25.5875,4,2
663,664,0,3,36.0,1,0,0,7.4958,7,2
664,665,1,3,20.0,1,1,0,7.925,7,2
665,666,0,2,32.0,1,2,0,73.5,7,2
666,667,0,2,25.0,1,0,0,13.0,7,2
667,668,0,3,24.0,1,0,0,7.775,7,2
668,669,0,3,43.0,1,0,0,8.05,7,2
669,670,1,1,24.0,0,1,0,52.0,2,2
670,671,1,2,40.0,0,1,1,39.0,7,2
671,672,0,1,31.0,1,1,0,52.0,1,2
672,673,0,2,70.0,1,0,0,10.5,7,2
673,674,1,2,31.0,1,0,0,13.0,7,2
674,675,0,2,24.0,1,0,0,0.0,7,2
675,676,0,3,18.0,1,0,0,7.775,7,2
676,677,0,3,24.5,1,0,0,8.05,7,2
677,678,1,3,18.0,0,0,0,9.8417,7,2
678,679,0,3,43.0,0,1,6,46.9,7,2
679,680,1,1,36.0,1,0,1,512.3292,1,0
680,681,0,3,24.0,0,0,0,8.1375,7,1
681,682,1,1,27.0,1,0,0,76.7292,3,0
682,683,0,3,20.0,1,0,0,9.225,7,2
683,684,0,3,14.0,1,5,2,46.9,7,2
684,685,0,2,60.0,1,1,1,39.0,7,2
685,686,0,2,25.0,1,1,2,41.5792,7,0
686,687,0,3,14.0,1,4,1,39.6875,7,2
687,688,0,3,19.0,1,0,0,10.1708,7,2
688,689,0,3,18.0,1,0,0,7.7958,7,2
689,690,1,1,15.0,0,0,1,211.3375,1,2
690,691,1,1,31.0,1,1,0,57.0,1,2
691,692,1,3,4.0,0,0,1,13.4167,7,0
692,693,1,3,24.0,1,0,0,56.4958,7,2
693,694,0,3,25.0,1,0,0,7.225,7,0
694,695,0,1,60.0,1,0,0,26.55,7,2
695,696,0,2,52.0,1,0,0,13.5,7,2
696,697,0,3,44.0,1,0,0,8.05,7,2
697,698,1,3,24.0,0,0,0,7.7333,7,1
698,699,0,1,49.0,1,1,1,110.8833,2,0
699,700,0,3,42.0,1,0,0,7.65,5,2
700,701,1,1,18.0,0,1,0,227.525,2,0
701,702,1,1,35.0,1,0,0,26.2875,4,2
702,703,0,3,18.0,0,0,1,14.4542,7,0
703,704,0,3,25.0,1,0,0,7.7417,7,1
704,705,0,3,26.0,1,1,0,7.8542,7,2
705,706,0,2,39.0,1,0,0,26.0,7,2
706,707,1,2,45.0,0,0,0,13.5,7,2
707,708,1,1,42.0,1,0,0,26.2875,4,2
708,709,1,1,22.0,0,0,0,151.55,7,2
709,710,1,3,24.0,1,1,1,15.2458,7,0
710,711,1,1,24.0,0,0,0,49.5042,2,0
711,712,0,1,24.0,1,0,0,26.55,2,2
712,713,1,1,48.0,1,1,0,52.0,2,2
713,714,0,3,29.0,1,0,0,9.4833,7,2
714,715,0,2,52.0,1,0,0,13.0,7,2
715,716,0,3,19.0,1,0,0,7.65,5,2
716,717,1,1,38.0,0,0,0,227.525,2,0
717,718,1,2,27.0,0,0,0,10.5,4,2
718,719,0,3,24.0,1,0,0,15.5,7,1
719,720,0,3,33.0,1,0,0,7.775,7,2
720,721,1,2,6.0,0,0,1,33.0,7,2
721,722,0,3,17.0,1,1,0,7.0542,7,2
722,723,0,2,34.0,1,0,0,13.0,7,2
723,724,0,2,50.0,1,0,0,13.0,7,2
724,725,1,1,27.0,1,1,0,53.1,4,2
725,726,0,3,20.0,1,0,0,8.6625,7,2
726,727,1,2,30.0,0,3,0,21.0,7,2
727,728,1,3,24.0,0,0,0,7.7375,7,1
728,729,0,2,25.0,1,1,0,26.0,7,2
729,730,0,3,25.0,0,1,0,7.925,7,2
730,731,1,1,29.0,0,0,0,211.3375,1,2
731,732,0,3,11.0,1,0,0,18.7875,7,0
732,733,0,2,24.0,1,0,0,0.0,7,2
733,734,0,2,23.0,1,0,0,13.0,7,2
734,735,0,2,23.0,1,0,0,13.0,7,2
735,736,0,3,28.5,1,0,0,16.1,7,2
736,737,0,3,48.0,0,1,3,34.375,7,2
737,738,1,1,35.0,1,0,0,512.3292,1,0
738,739,0,3,24.0,1,0,0,7.8958,7,2
739,740,0,3,24.0,1,0,0,7.8958,7,2
740,741,1,1,24.0,1,0,0,30.0,3,2
741,742,0,1,36.0,1,1,0,78.85,2,2
742,743,1,1,21.0,0,2,2,262.375,1,0
743,744,0,3,24.0,1,1,0,16.1,7,2
744,745,1,3,31.0,1,0,0,7.925,7,2
745,746,0,1,70.0,1,1,1,71.0,1,2
746,747,0,3,16.0,1,1,1,20.25,7,2
747,748,1,2,30.0,0,0,0,13.0,7,2
748,749,0,1,19.0,1,1,0,53.1,3,2
749,750,0,3,31.0,1,0,0,7.75,7,1
750,751,1,2,4.0,0,1,1,23.0,7,2
751,752,1,3,6.0,1,0,1,12.475,4,2
752,753,0,3,33.0,1,0,0,9.5,7,2
753,754,0,3,23.0,1,0,0,7.8958,7,2
754,755,1,2,48.0,0,1,2,65.0,7,2
755,756,1,2,0.67,1,1,1,14.5,7,2
756,757,0,3,28.0,1,0,0,7.7958,7,2
757,758,0,2,18.0,1,0,0,11.5,7,2
758,759,0,3,34.0,1,0,0,8.05,7,2
759,760,1,1,33.0,0,0,0,86.5,1,2
760,761,0,3,24.0,1,0,0,14.5,7,2
761,762,0,3,41.0,1,0,0,7.125,7,2
762,763,1,3,20.0,1,0,0,7.2292,7,0
763,764,1,1,36.0,0,1,2,120.0,1,2
764,765,0,3,16.0,1,0,0,7.775,7,2
765,766,1,1,51.0,0,1,0,77.9583,3,2
766,767,0,1,24.0,1,0,0,39.6,7,0
767,768,0,3,30.5,0,0,0,7.75,7,1
768,769,0,3,24.0,1,1,0,24.15,7,1
769,770,0,3,32.0,1,0,0,8.3625,7,2
770,771,0,3,24.0,1,0,0,9.5,7,2
771,772,0,3,48.0,1,0,0,7.8542,7,2
772,773,0,2,57.0,0,0,0,10.5,4,2
773,774,0,3,24.0,1,0,0,7.225,7,0
774,775,1,2,54.0,0,1,3,23.0,7,2
775,776,0,3,18.0,1,0,0,7.75,7,2
776,777,0,3,24.0,1,0,0,7.75,5,1
777,778,1,3,5.0,0,0,0,12.475,7,2
778,779,0,3,24.0,1,0,0,7.7375,7,1
779,780,1,1,43.0,0,0,1,211.3375,1,2
780,781,1,3,13.0,0,0,0,7.2292,7,0
781,782,1,1,17.0,0,1,0,57.0,1,2
782,783,0,1,29.0,1,0,0,30.0,3,2
783,784,0,3,24.0,1,1,2,23.45,7,2
784,785,0,3,25.0,1,0,0,7.05,7,2
785,786,0,3,25.0,1,0,0,7.25,7,2
786,787,1,3,18.0,0,0,0,7.4958,7,2
787,788,0,3,8.0,1,4,1,29.125,7,1
788,789,1,3,1.0,1,1,2,20.575,7,2
789,790,0,1,46.0,1,0,0,79.2,1,0
790,791,0,3,24.0,1,0,0,7.75,7,1
791,792,0,2,16.0,1,0,0,26.0,7,2
792,793,0,3,24.0,0,8,2,69.55,7,2
793,794,0,1,24.0,1,0,0,30.6958,7,0
794,795,0,3,25.0,1,0,0,7.8958,7,2
795,796,0,2,39.0,1,0,0,13.0,7,2
796,797,1,1,49.0,0,0,0,25.9292,3,2
797,798,1,3,31.0,0,0,0,8.6833,7,2
798,799,0,3,30.0,1,0,0,7.2292,7,0
799,800,0,3,30.0,0,1,1,24.15,7,2
800,801,0,2,34.0,1,0,0,13.0,7,2
801,802,1,2,31.0,0,1,1,26.25,7,2
802,803,1,1,11.0,1,1,2,120.0,1,2
803,804,1,3,0.42,1,0,1,8.5167,7,0
804,805,1,3,27.0,1,0,0,6.975,7,2
805,806,0,3,31.0,1,0,0,7.775,7,2
806,807,0,1,39.0,1,0,0,0.0,0,2
807,808,0,3,18.0,0,0,0,7.775,7,2
808,809,0,2,39.0,1,0,0,13.0,7,2
809,810,1,1,33.0,0,1,0,53.1,4,2
810,811,0,3,26.0,1,0,0,7.8875,7,2
811,812,0,3,39.0,1,0,0,24.15,7,2
812,813,0,2,35.0,1,0,0,10.5,7,2
813,814,0,3,6.0,0,4,2,31.275,7,2
814,815,0,3,30.5,1,0,0,8.05,7,2
815,816,0,1,24.0,1,0,0,0.0,1,2
816,817,0,3,23.0,0,0,0,7.925,7,2
817,818,0,2,31.0,1,1,1,37.0042,7,0
818,819,0,3,43.0,1,0,0,6.45,7,2
819,820,0,3,10.0,1,3,2,27.9,7,2
820,821,1,1,52.0,0,1,1,93.5,1,2
821,822,1,3,27.0,1,0,0,8.6625,7,2
822,823,0,1,38.0,1,0,0,0.0,7,2
823,824,1,3,27.0,0,0,1,12.475,4,2
824,825,0,3,2.0,1,4,1,39.6875,7,2
825,826,0,3,24.0,1,0,0,6.95,7,1
826,827,0,3,24.0,1,0,0,56.4958,7,2
827,828,1,2,1.0,1,0,2,37.0042,7,0
828,829,1,3,24.0,1,0,0,7.75,7,1
829,830,1,1,62.0,0,0,0,80.0,1,2
830,831,1,3,15.0,0,1,0,14.4542,7,0
831,832,1,2,0.83,1,1,1,18.75,7,2
832,833,0,3,24.0,1,0,0,7.2292,7,0
833,834,0,3,23.0,1,0,0,7.8542,7,2
834,835,0,3,18.0,1,0,0,8.3,7,2
835,836,1,1,39.0,0,1,1,83.1583,4,0
836,837,0,3,21.0,1,0,0,8.6625,7,2
837,838,0,3,24.0,1,0,0,8.05,7,2
838,839,1,3,32.0,1,0,0,56.4958,7,2
839,840,1,1,24.0,1,0,0,29.7,2,0
840,841,0,3,20.0,1,0,0,7.925,7,2
841,842,0,2,16.0,1,0,0,10.5,7,2
842,843,1,1,30.0,0,0,0,31.0,7,0
843,844,0,3,34.5,1,0,0,6.4375,7,0
844,845,0,3,17.0,1,0,0,8.6625,7,2
845,846,0,3,42.0,1,0,0,7.55,7,2
846,847,0,3,24.0,1,8,2,69.55,7,2
847,848,0,3,35.0,1,0,0,7.8958,7,0
848,849,0,2,28.0,1,0,1,33.0,7,2
849,850,1,1,24.0,0,1,0,89.1042,2,0
850,851,0,3,4.0,1,4,2,31.275,7,2
851,852,0,3,74.0,1,0,0,7.775,7,2
852,853,0,3,9.0,0,1,1,15.2458,7,0
853,854,1,1,16.0,0,0,1,39.4,3,2
854,855,0,2,44.0,0,1,0,26.0,7,2
855,856,1,3,18.0,0,0,1,9.35,7,2
856,857,1,1,45.0,0,1,1,164.8667,7,2
857,858,1,1,51.0,1,0,0,26.55,4,2
858,859,1,3,24.0,0,0,3,19.2583,7,0
859,860,0,3,24.0,1,0,0,7.2292,7,0
860,861,0,3,41.0,1,2,0,14.1083,7,2
861,862,0,2,21.0,1,1,0,11.5,7,2
862,863,1,1,48.0,0,0,0,25.9292,3,2
863,864,0,3,24.0,0,8,2,69.55,7,2
864,865,0,2,24.0,1,0,0,13.0,7,2
865,866,1,2,42.0,0,0,0,13.0,7,2
866,867,1,2,27.0,0,1,0,13.8583,7,0
867,868,0,1,31.0,1,0,0,50.4958,0,2
868,869,0,3,24.0,1,0,0,9.5,7,2
869,870,1,3,4.0,1,1,1,11.1333,7,2
870,871,0,3,26.0,1,0,0,7.8958,7,2
871,872,1,1,47.0,0,1,1,52.5542,3,2
872,873,0,1,33.0,1,0,0,5.0,1,2
873,874,0,3,47.0,1,0,0,9.0,7,2
874,875,1,2,28.0,0,1,0,24.0,7,0
875,876,1,3,15.0,0,0,0,7.225,7,0
876,877,0,3,20.0,1,0,0,9.8458,7,2
877,878,0,3,19.0,1,0,0,7.8958,7,2
878,879,0,3,24.0,1,0,0,7.8958,7,2
879,880,1,1,56.0,0,0,1,83.1583,2,0
880,881,1,2,25.0,0,0,1,26.0,7,2
881,882,0,3,33.0,1,0,0,7.8958,7,2
882,883,0,3,22.0,0,0,0,10.5167,7,2
883,884,0,2,28.0,1,0,0,10.5,7,2
884,885,0,3,25.0,1,0,0,7.05,7,2
885,886,0,3,39.0,0,0,5,29.125,7,1
886,887,0,2,27.0,1,0,0,13.0,7,2
887,888,1,1,19.0,0,0,0,30.0,1,2
888,889,0,3,24.0,0,1,2,23.45,7,2
889,890,1,1,26.0,1,0,0,30.0,2,0
890,891,0,3,32.0,1,0,0,7.75,7,1
